Part_No,Quantity
Air Filter 17801-54030 DAIICHI,1
BRK PAD FR SP-1416 MP3710,1
Shock Absorber FR RH 334338 TOP,1
Shock Absorber Fr/Lh 334339Top,1
BRAKE PAD FRONT MP3474N,3
BRAKE PAD A1N106V / MP3546N,2
BRAKE SHOE RR - NON ASB MS82280N,1
SHOCK ABSORBER FRONT LH KYB-334339-TW,1
SHOCK ABSORBER REAR RH KYB-334340,1
STABILIZER LINK CTR CLT75,6
BELT FAN 6PK1095,3
BRAKE PAD FRONT MP3586N,1
BRAKE PAD FRT-NON ASBESTOS MP3410N,3
SPARK PLUG SILZKR7B11-0 NGK,20
,
WATER PUMP T-130,1
GROVE BELT 4PK1110,1
SHOCK ABSORBER REAR LH KYB-339113,1
BRAKE PAD REAR MP3780N,1
57412 Charger Gold,2
58043 Charger Gold,3
55D23L Charger Gold,3
80D26L Charger Gold,6
67018 Charger Gold,2
56219 / 56216 Charger Gold,1
BELT 7PK2120 MIT,1
